id,title_en,title_ar,description_en,description_ar,country_en,country_ar,university_en,university_ar,degree,fundingType,majors,deadline,link,image,keywords,status
1,Chevening Scholarship 2027/2028,منحة تشيفينيج 2027/2028,"The UK government prestigious global scholarship programme. Chevening offers full funding for outstanding professionals with leadership potential to pursue a one-year masters degree at any UK university. Covers tuition, living allowance, travel and accommodation.",برنامج المنح الدراسية العالمي المرموق للحكومة البريطانية. تقدم منحة تشيفينيج تمويلاً كاملاً للمهنيين المتميزين ذوي الإمكانات القيادية لمتابعة درجة الماجستير في أي جامعة بريطانية.,United Kingdom,المملكة المتحدة,Any UK University,أي جامعة بريطانية,Master,Fully Funded,All Fields | Leadership | Public Policy | International Relations,2026-10-06,https://www.chevening.org/apply/,https://images.unsplash.com/photo-1526129318478-62ed807ebdf9?q=80&w=800&auto=format&fit=crop,UK | United Kingdom | British | Chevening | Master | Leadership | Fully Funded | Government,approved
2,Gates Cambridge Scholarship 2027,منحة غيتس كامبريدج 2027,"One of the worlds most prestigious fully funded scholarships, awarded by the Bill and Melinda Gates Foundation to outstanding applicants from outside the UK to pursue a postgraduate degree at the University of Cambridge.",واحدة من أرقى المنح الدراسية الممولة بالكامل في العالم، تمنح لمتقدمين متميزين من خارج المملكة المتحدة لمتابعة درجة الدراسات العليا في جامعة كامبريدج.,United Kingdom,المملكة المتحدة,University of Cambridge,جامعة كامبريدج,PhD,Fully Funded,All Fields | Science | Technology | Arts | Social Sciences,2027-01-07,https://www.gatescambridge.org/,https://images.unsplash.com/photo-1607237138185-eedd9c632b0b?q=80&w=800&auto=format&fit=crop,Cambridge | Gates | UK | PhD | Master | Fully Funded | Prestigious,approved
3,Rhodes Scholarship at University of Oxford,منحة رودس في جامعة أكسفورد,"The Rhodes Scholarship is the oldest and most celebrated international fellowship award in the world enabling exceptional students to study at the University of Oxford. Covers all tuition fees, living stipend, health insurance, and travel.",منحة رودس هي أقدم وأشهر جائزة زمالة دولية في العالم وتمكن الطلاب الاستثنائيين من الدراسة في جامعة أكسفورد. تغطي جميع الرسوم الدراسية ومخصصات المعيشة والتأمين والسفر.,United Kingdom,المملكة المتحدة,University of Oxford,جامعة أكسفورد,Master,Fully Funded,All Fields | Law | Politics | Medicine | Sciences,2026-10-01,https://www.rhodeshouse.ox.ac.uk/scholarships/apply/,https://images.unsplash.com/photo-1580800434132-15b9dfb53cfe?q=80&w=800&auto=format&fit=crop,Oxford | Rhodes | UK | Master | Fully Funded | Prestigious | Leadership,approved
4,DAAD Scholarship Development-Related Postgraduate Courses,منحة DAAD للدراسات العليا المتعلقة بالتنمية,"DAAD German Academic Exchange Service funds international students from developing countries to pursue masters degrees at German universities in fields relevant to sustainable development. Covers full tuition, monthly stipend, health insurance, and airfare.",يموّل برنامج DAAD الطلاب الدوليين من الدول النامية لمتابعة درجات الماجستير في الجامعات الألمانية في مجالات التنمية المستدامة. يغطي الرسوم والراتب والتأمين والأجرة الجوية.,Germany,ألمانيا,Various German Universities,جامعات ألمانية مختلفة,Master,Fully Funded,Development Studies | Environmental Science | Agriculture | Engineering | Public Health,2026-10-31,https://www.daad.de/en/studying-in-germany/scholarships/scholarship-database/,https://images.unsplash.com/photo-1467269204594-9661b134dd2b?q=80&w=800&auto=format&fit=crop,Germany | DAAD | German | Master | Fully Funded | Development | Sustainable,approved
5,Fulbright Foreign Student Program,برنامج فولبرايت للطلاب الأجانب,"The Fulbright Program is the US governments flagship international educational exchange program. Offers full funding for international students to study for a masters or PhD degree at a US university. Covers tuition, living expenses, health insurance, and travel.",برنامج فولبرايت هو البرنامج الرائد للتبادل التعليمي الدولي للحكومة الأمريكية. يقدم تمويلاً كاملاً للطلاب الدوليين لدراسة الماجستير أو الدكتوراه في جامعة أمريكية.,United States,الولايات المتحدة الأمريكية,Various US Universities,جامعات أمريكية مختلفة,Master,Fully Funded,All Fields | Arts | Sciences | Engineering | Social Sciences | Business,2026-09-30,https://foreign.fulbrightonline.org/,https://images.unsplash.com/photo-1541339907198-e08756dedf3f?q=80&w=800&auto=format&fit=crop,USA | America | Fulbright | Master | PhD | Fully Funded | Government,approved
6,Erasmus Mundus Joint Masters Scholarship,منحة إيراسموس موندوس للماجستير المشترك,"Erasmus Mundus Joint Masters is a prestigious integrated international study program jointly delivered by an international consortium of higher education institutions. Scholarships cover tuition fees, travel costs, and monthly living allowance.",برنامج إيراسموس موندوس للماجستير المشترك هو برنامج دراسي دولي متكامل ومرموق يقدمه اتحاد دولي من مؤسسات التعليم العالي. تغطي المنح الرسوم والسفر وبدل المعيشة.,Europe,أوروبا,Multiple European Universities,جامعات أوروبية متعددة,Master,Fully Funded,All Fields | Engineering | Arts | Sciences | Humanities,2027-01-15,https://www.eacea.ec.europa.eu/scholarships/erasmus-mundus-catalogue_en,https://images.unsplash.com/photo-1543722530-d2c3201371e7?q=80&w=800&auto=format&fit=crop,Europe | Erasmus | Mundus | Master | Fully Funded | EU | Multi-Country,approved
7,MEXT Japanese Government Scholarship,منحة الحكومة اليابانية MEXT,The Japanese Government MEXT Scholarship provides full funding for international students to study at Japanese universities at the masters and doctoral levels including Japanese language training.,توفر منحة الحكومة اليابانية MEXT تمويلاً كاملاً للطلاب الدوليين للدراسة في الجامعات اليابانية على مستوى الماجستير والدكتوراه بما في ذلك تدريب اللغة اليابانية.,Japan,اليابان,Various Japanese Universities,جامعات يابانية مختلفة,Master,Fully Funded,Engineering | Science | Technology | Humanities | Social Sciences | Agriculture,2027-01-31,https://www.studyinjapan.go.jp/en/smap-stopj-applications-research.html,https://images.unsplash.com/photo-1540959733332-eab4deabeeaf?q=80&w=800&auto=format&fit=crop,Japan | MEXT | Japanese | Master | PhD | Fully Funded | Government | Tokyo,approved
8,Global Korea Scholarship GKS KGSP,منحة كوريا العالمية GKS,"The Global Korea Scholarship GKS also known as the Korean Government Scholarship Program KGSP is a fully funded scholarship from the South Korean government for international students. Covers tuition, living stipend, airfare, and Korean language training.",منحة كوريا العالمية GKS المعروفة ببرنامج المنح الحكومية الكورية KGSP برنامج منح ممول بالكامل من الحكومة الكورية الجنوبية للطلاب الدوليين.,South Korea,كوريا الجنوبية,Various Korean Universities,جامعات كورية مختلفة,Master,Fully Funded,All Fields | Engineering | IT | Business | Sciences | Humanities,2027-03-01,https://www.gksscholarship.com/,https://images.unsplash.com/photo-1538485399081-7191377e8241?q=80&w=800&auto=format&fit=crop,Korea | South Korea | GKS | KGSP | Master | PhD | Fully Funded | Korean,approved
9,Swedish Institute Scholarship for Global Professionals,منحة المعهد السويدي للمهنيين العالميين,"The Swedish Institute offers scholarships for international students from eligible countries to pursue full-time masters studies in Sweden. Covers tuition fees, living expenses, travel grant, and insurance.",يقدم المعهد السويدي منحاً دراسية للطلاب الدوليين من الدول المؤهلة لمتابعة دراسات الماجستير بدوام كامل في السويد. تغطي الرسوم والمعيشة ومنحة السفر والتأمين.,Sweden,السويد,Swedish Universities,الجامعات السويدية,Master,Fully Funded,All Fields | Sustainability | Technology | Social Sciences | Business,2027-02-10,https://si.se/en/apply/scholarships/swedish-institute-scholarships-for-global-professionals/,https://images.unsplash.com/photo-1508817628294-5a453fa0b8fb?q=80&w=800&auto=format&fit=crop,Sweden | Swedish | SI Scholarship | Master | Fully Funded | Scandinavia | Nordic,approved
10,Australia Awards Scholarships,منح جوائز أستراليا,"Australia Awards Scholarships are funded by the Australian Government providing opportunities for people from eligible countries to undertake full-time undergraduate or postgraduate study at Australian universities. Covers tuition, travel, living allowance, and health.",منح جوائز أستراليا ممولة من الحكومة الأسترالية توفر فرصاً للأفراد من الدول المؤهلة لمتابعة الدراسة في الجامعات الأسترالية. تغطي الرسوم والسفر والمعيشة والصحة.,Australia,أستراليا,Australian Universities,الجامعات الأسترالية,Master,Fully Funded,All Fields | Development | Agriculture | Health | Education,2026-04-30,https://www.australiaawards.gov.au/,https://images.unsplash.com/photo-1523482580672-f109ba8cb9be?q=80&w=800&auto=format&fit=crop,Australia | Australian | Australia Awards | Master | Fully Funded | Government | Development,approved
11,Commonwealth Scholarship UK Masters and PhD,منحة الكومنولث المملكة المتحدة,Commonwealth Scholarships funded by the UK Foreign Commonwealth and Development Office FCDO enable talented students from Commonwealth countries to pursue postgraduate study at UK universities fully funded.,منح الكومنولث ممولة من مكتب الشؤون الخارجية البريطاني وتمكن الطلاب الموهوبين من دول الكومنولث من متابعة الدراسات العليا في الجامعات البريطانية بتمويل كامل.,United Kingdom,المملكة المتحدة,UK Universities,الجامعات البريطانية,Master,Fully Funded,All Fields | STEM | Business | Social Sciences | Public Health,2026-10-22,https://cscuk.fcdo.gov.uk/scholarships/,https://images.unsplash.com/photo-1573503814083-b89d5ac83e0d?q=80&w=800&auto=format&fit=crop,UK | Commonwealth | British | Master | PhD | Fully Funded | FCDO,approved
12,Vanier Canada Graduate Scholarship PhD,منحة فانييه كندا للخريجين,"The Vanier Canada Graduate Scholarships program attracts world-class doctoral students. Awards CAD 50000 per year for 3 years for PhD studies across health sciences, natural sciences, engineering, and social sciences.",يهدف برنامج منح فانييه كندا إلى استقطاب طلاب الدكتوراه ذوي المستوى العالمي. يمنح 50000 دولار كندي سنوياً لمدة 3 سنوات لدراسات الدكتوراه.,Canada,كندا,Canadian Universities,الجامعات الكندية,PhD,Fully Funded,Health Sciences | Natural Sciences | Engineering | Social Sciences | Humanities,2026-11-01,https://vanier.gc.ca/en/home-accueil.html,https://images.unsplash.com/photo-1517935706615-2717063c2225?q=80&w=800&auto=format&fit=crop,Canada | Vanier | Canadian | PhD | Fully Funded | Research | Graduate,approved
13,SINGA Scholarship Singapore PhD,منحة SINGA سنغافورة للدكتوراه,The Singapore International Graduate Award SINGA is for international students pursuing a PhD at Singapore top research institutes including A*STAR NUS NTU and SUTD. Fully funded with monthly stipend airfare and allowance.,جائزة سنغافورة الدولية للخريجين SINGA للطلاب الدوليين الذين يسعون للدكتوراه في أفضل معاهد البحث في سنغافورة. ممولة بالكامل مع راتب شهري وأجرة جوية.,Singapore,سنغافورة,NUS NTU A*STAR SUTD Singapore,NUS / NTU / A*STAR / SUTD سنغافورة,PhD,Fully Funded,Science | Engineering | Technology | Biomedical Sciences | Computing,2027-01-01,https://www.singa.a-star.edu.sg/,https://images.unsplash.com/photo-1525625293386-3f8f99389edd?q=80&w=800&auto=format&fit=crop,Singapore | SINGA | NUS | NTU | PhD | Fully Funded | Research | STEM,approved
14,ETH Zurich Excellence Scholarship Switzerland,منحة التميز في ETH زيورخ سويسرا,The Excellence Scholarship Opportunity Programme ESOP of ETH Zurich supports outstanding students pursuing a masters degree at one of the worlds top-ranked technical universities. Award covers tuition fees and monthly living stipend.,يدعم برنامج ESOP في ETH زيورخ الطلاب المتميزين الراغبين في متابعة الماجستير في إحدى أعلى الجامعات التقنية مرتبةً في العالم. يغطي الرسوم الدراسية والراتب الشهري.,Switzerland,سويسرا,ETH Zurich,جامعة ETH زيورخ,Master,Fully Funded,Engineering | Science | Architecture | Mathematics | Computer Science,2026-12-15,https://ethz.ch/en/studies/financial/scholarships/excellence-scholarship.html,https://images.unsplash.com/photo-1589519160732-576f165b9aad?q=80&w=800&auto=format&fit=crop,Switzerland | ETH | Zurich | Master | Fully Funded | Engineering | STEM,approved
15,EPFL Excellence Fellowships Lausanne Switzerland,زمالات التميز في EPFL لوزان سويسرا,The EPFL Excellence Fellowships for outstanding students pursuing a masters degree at Ecole Polytechnique Federale de Lausanne consistently ranked among the worlds top universities. Covers tuition and monthly stipend.,زمالات التميز في EPFL للطلاب المتميزين لمتابعة الماجستير في المدرسة البوليتكنيكية الفيدرالية في لوزان. تغطي الرسوم الدراسية والراتب الشهري.,Switzerland,سويسرا,EPFL Lausanne,EPFL لوزان,Master,Fully Funded,Engineering | Computer Science | Physics | Mathematics | Life Sciences,2026-12-01,https://www.epfl.ch/education/master/master-in-engineering/excellence-fellowship/,https://images.unsplash.com/photo-1487958449943-2429e8be8625?q=80&w=800&auto=format&fit=crop,Switzerland | EPFL | Lausanne | Master | Fully Funded | Engineering | Science,approved
16,Aga Khan Foundation International Scholarship,منحة مؤسسة آغا خان الدولية,The Aga Khan Foundation AKF offers scholarships for postgraduate study to outstanding students from developing countries who have no other means of financing their studies. Given as 50 percent grant and 50 percent loan.,تقدم مؤسسة آغا خان AKF منحاً دراسية للدراسات العليا لطلاب متميزين من الدول النامية ليس لديهم وسائل أخرى لتمويل دراستهم. تمنح بنسبة 50 بالمئة منحة و50 بالمئة قرض.,Multiple Countries,دول متعددة,Top Universities Worldwide,أفضل الجامعات في العالم,Master,Partially Funded,Development | Health | Education | Architecture | Engineering,2027-03-31,https://www.akdn.org/our-agencies/aga-khan-foundation/international-scholarship-programme,https://images.unsplash.com/photo-1523240795612-9a054b0db644?q=80&w=800&auto=format&fit=crop,Aga Khan | International | Master | Partially Funded | Development | Developing Countries,approved
17,French Government Eiffel Excellence Scholarship,منحة حكومة فرنسا إيفل للتميز,"The Eiffel Excellence Scholarship Programme managed by Campus France attracts top foreign students to masters and PhD programs at French higher education institutions. Covers monthly allowance, health insurance, and transportation.",برنامج منحة التميز إيفل الذي تديره Campus France يستقطب أفضل الطلاب الأجانب في برامج الماجستير والدكتوراه في المؤسسات الفرنسية. يغطي البدل الشهري والتأمين والمواصلات.,France,فرنسا,French Universities,الجامعات الفرنسية,Master,Fully Funded,Engineering | Law | Economics | Political Science | Sciences | Management,2027-01-12,https://www.campusfrance.org/en/eiffel-scholarship-program-of-excellence,https://images.unsplash.com/photo-1502602898657-3e91760cbb34?q=80&w=800&auto=format&fit=crop,France | French | Eiffel | Master | PhD | Fully Funded | Excellence | Paris,approved
18,Orange Knowledge Programme OKP Netherlands,برنامج المعرفة البرتقالي هولندا,The Orange Knowledge Programme OKP is the Netherlands Fellowship Programmes main scholarship for professionals from eligible countries to pursue a masters degree at a Dutch institution funded by the Dutch Ministry of Foreign Affairs.,برنامج المعرفة البرتقالي OKP هو المنحة الرئيسية لبرامج الزمالة الهولندية للمهنيين من الدول المؤهلة لمتابعة الماجستير في مؤسسة هولندية.,Netherlands,هولندا,Dutch Institutions Wageningen Delft IHE,المؤسسات الهولندية,Master,Fully Funded,Agriculture | Water Management | Public Health | Education | Governance,2027-02-28,https://www.studyinholland.nl/scholarships/highlighted-scholarships/orange-knowledge-programme,https://images.unsplash.com/photo-1534351590666-13e3e96b5017?q=80&w=800&auto=format&fit=crop,Netherlands | Dutch | OKP | Orange Knowledge | Master | Fully Funded | Holland,approved
19,Rotary Peace Fellowship,زمالة روتاري للسلام,The Rotary Peace Fellowship supports individuals committed to promoting peace. Fellows study at one of six Rotary Peace Centers around the world pursuing a masters degree in peace and conflict resolution fully funded.,تدعم زمالة روتاري للسلام الأفراد الملتزمين بتعزيز السلام. يدرس الزملاء في أحد مراكز روتاري للسلام الستة حول العالم لمتابعة ماجستير في دراسات السلام وحل النزاعات.,Multiple Countries,دول متعددة,Rotary Peace Centers Duke York Bradford Chulalongkorn,مراكز روتاري للسلام,Master,Fully Funded,Peace Studies | International Relations | Conflict Resolution | Development,2027-05-31,https://www.rotary.org/en/our-programs/peace-fellowships,https://images.unsplash.com/photo-1509358271058-acd22cc93898?q=80&w=800&auto=format&fit=crop,Rotary | Peace | Fellowship | Master | Fully Funded | International | Conflict Resolution,approved
20,KAIST International Graduate Scholarship South Korea,منحة KAIST الدولية للدراسات العليا كوريا,"KAIST Korea Advanced Institute of Science and Technology offers international graduate scholarships for outstanding students worldwide. Covers full tuition, monthly living allowance, and medical insurance for masters and PhD programs.",تقدم KAIST معهد كوريا المتقدم للعلوم والتكنولوجيا منحاً دراسية للطلاب الدوليين المتميزين. تغطي الرسوم الكاملة والبدل الشهري والتأمين الطبي.,South Korea,كوريا الجنوبية,KAIST Korea Advanced Institute of Science and Technology,معهد كوريا المتقدم للعلوم والتكنولوجيا KAIST,PhD,Fully Funded,Computer Science | Engineering | Physics | Chemistry | Bioscience,2027-03-15,https://admission.kaist.ac.kr/intl-graduate/,https://images.unsplash.com/photo-1526374965328-7f61d4dc18c5?q=80&w=800&auto=format&fit=crop,Korea | KAIST | South Korea | PhD | Master | Fully Funded | STEM | Technology,approved
21,KAUST Fellowship King Abdullah University Saudi Arabia,زمالة جامعة الملك عبدالله KAUST السعودية,"The KAUST Fellowship provides a comprehensive financial package for graduate students including full tuition, monthly stipend, housing, medical coverage, and relocation allowance for MS and PhD programs in STEM fields.",توفر زمالة KAUST حزمة مالية شاملة للطلاب تشمل الرسوم الكاملة والراتب الشهري والسكن والتغطية الطبية وبدل الانتقال لبرامج الماجستير والدكتوراه في STEM.,Saudi Arabia,المملكة العربية السعودية,KAUST King Abdullah University of Science and Technology,جامعة الملك عبدالله للعلوم والتقنية KAUST,Master,Fully Funded,Bioscience | Engineering | Computer Science | Environmental Science | Mathematics | Physics,2027-01-15,https://www.kaust.edu.sa/en/study/applying-to-kaust/tuition-fees-and-financial-assistance,https://images.unsplash.com/photo-1547481053-7d174f67b557?q=80&w=800&auto=format&fit=crop,Saudi Arabia | KAUST | Saudi | Master | PhD | Fully Funded | STEM | Research,approved
22,Stipendium Hungaricum Scholarship Hungary,منحة Stipendium Hungaricum هنغاريا,"The Stipendium Hungaricum programme enables international students from partner countries to study in Hungary. The scholarship covers tuition fees, accommodation, a monthly stipend, and health insurance.",برنامج Stipendium Hungaricum يمكن الطلاب الدوليين من الدول الشريكة من الدراسة في هنغاريا. يغطي الرسوم الدراسية والسكن والراتب الشهري والتأمين الصحي.,Hungary,هنغاريا,Hungarian Universities,الجامعات الهنغارية,Master,Fully Funded,All Fields | Engineering | Medicine | Arts | Sciences | Business,2027-01-15,https://stipendiumhungaricum.hu/,https://images.unsplash.com/photo-1576169342067-a06c41b30a34?q=80&w=800&auto=format&fit=crop,Hungary | Hungarian | Stipendium | Master | Bachelor | PhD | Fully Funded,approved
23,Turkish Government Scholarship Turkiye Burslari,منحة الحكومة التركية Turkiye Burslari,Turkiye Scholarships is a government-funded program for international students at bachelor masters and PhD level. Covers full tuition accommodation monthly stipend health insurance Turkish language course and travel.,برنامج منح تركيا هو برنامج منح ممول حكومياً للطلاب الدوليين. يغطي الرسوم الكاملة والسكن والراتب والتأمين ودورة اللغة التركية والسفر.,Turkey,تركيا,Turkish Universities,الجامعات التركية,Master,Fully Funded,All Fields | Engineering | Medicine | Arts | Social Sciences | Agriculture,2027-02-20,https://www.turkiyeburslari.gov.tr/en,https://images.unsplash.com/photo-1541432901042-2d8bd64b4a9b?q=80&w=800&auto=format&fit=crop,Turkey | Turkish | Turkiye | Master | Bachelor | PhD | Fully Funded | Government,approved
24,Chinese Government Scholarship CSC Program,منحة الحكومة الصينية برنامج CSC,The Chinese Government Scholarship administered by China Scholarship Council CSC funds international students to study at Chinese universities. Covers tuition accommodation stipend and health insurance for masters bachelor and PhD.,تموّل منحة الحكومة الصينية التي يديرها مجلس المنح الصينية CSC الطلاب الدوليين للدراسة في الجامعات الصينية. تغطي الرسوم والسكن والراتب والتأمين.,China,الصين,Chinese Universities,الجامعات الصينية,Master,Fully Funded,All Fields | Engineering | Medicine | Science | Business | Arts,2027-04-30,https://www.campuschina.org/,https://images.unsplash.com/photo-1547981609-4b6bfe67ca0b?q=80&w=800&auto=format&fit=crop,China | Chinese | CSC | Master | Bachelor | PhD | Fully Funded | Beijing | Shanghai,approved
25,Stanford Knight-Hennessy Scholars Program,برنامج ستانفورد للعلماء نايت-هينيسي,One of the largest fully funded graduate fellowships in the world selecting up to 100 students annually to pursue any graduate degree at Stanford University with full financial support.,أحد أكبر برامج الزمالة للدراسات العليا الممولة بالكامل في العالم. يختار ما يصل إلى 100 طالب سنوياً من جميع أنحاء العالم لمتابعة أي درجة دراسات عليا في جامعة ستانفورد.,United States,الولايات المتحدة الأمريكية,Stanford University,جامعة ستانفورد,Master,Fully Funded,All Fields | Business | Law | Medicine | Education | Engineering,2026-10-08,https://knight-hennessy.stanford.edu/,https://images.unsplash.com/photo-1564565694-4c0e62ea0c39?q=80&w=800&auto=format&fit=crop,USA | Stanford | Knight-Hennessy | Master | PhD | Fully Funded | Prestigious | Ivy,approved
26,Harvard University GSAS Graduate Fellowship,زمالة هارفارد للدراسات العليا,Harvard University Griffin GSAS provides PhD students with multi-year funding packages including stipend health insurance and tuition covering 100 percent of demonstrated financial need for admitted graduate students.,توفر كلية هارفارد للدراسات العليا Griffin GSAS لطلاب الدكتوراه حزم تمويل متعددة السنوات تشمل الراتب والتأمين الصحي والرسوم الدراسية.,United States,الولايات المتحدة الأمريكية,Harvard University,جامعة هارفارد,PhD,Fully Funded,Humanities | Social Sciences | Sciences | Arts | Engineering,2026-12-01,https://gsas.harvard.edu/financial-support,https://images.unsplash.com/photo-1576495199011-eb94736d05d6?q=80&w=800&auto=format&fit=crop,USA | Harvard | PhD | Fully Funded | Prestigious | Ivy League | Research,approved
27,NUS Research Scholarship Singapore,منحة البحث في جامعة سنغافورة الوطنية NUS,The National University of Singapore NUS offers Research Scholarships to outstanding graduate students for full-time research degree programs. Covers tuition fees and provides a monthly stipend. NUS is Asia top-ranked university.,تقدم جامعة سنغافورة الوطنية NUS منحاً بحثية للطلاب المتميزين لبرامج درجات البحث بدوام كامل. تغطي الرسوم الدراسية وتوفر راتباً شهرياً. NUS هي الجامعة الأعلى تصنيفاً في آسيا.,Singapore,سنغافورة,National University of Singapore NUS,جامعة سنغافورة الوطنية NUS,PhD,Fully Funded,Engineering | Computing | Science | Business | Medicine | Law,2026-11-15,https://nusgs.nus.edu.sg/scholarships/,https://images.unsplash.com/photo-1565967511849-76a60a516170?q=80&w=800&auto=format&fit=crop,Singapore | NUS | National University | PhD | Fully Funded | Research | Asia,approved
28,University of Melbourne Graduate Research Scholarship,منحة بحث الدراسات العليا في جامعة ملبورن,The Melbourne Research Scholarship MRS includes an annual living allowance and tuition fee remission for PhD students pursuing research degrees at the University of Melbourne one of Australia leading universities.,منحة البحث في ملبورن MRS تشمل بدل المعيشة السنوي والإعفاء من الرسوم الدراسية لطلاب الدكتوراه في جامعة ملبورن إحدى الجامعات الأسترالية الرائدة.,Australia,أستراليا,University of Melbourne,جامعة ملبورن,PhD,Fully Funded,All Fields | Science | Arts | Engineering | Medicine | Law,2026-10-31,https://scholarships.unimelb.edu.au/awards/melbourne-research-scholarship,https://images.unsplash.com/photo-1514395462725-fb4566210144?q=80&w=800&auto=format&fit=crop,Australia | Melbourne | PhD | Fully Funded | Research | Australian,approved
29,TU Delft Excellence Scholarship Netherlands,منحة التميز في TU دلفت هولندا,Delft University of Technology offers the TU Delft Excellence Scholarship for outstanding non-EEA masters students. Covers full tuition fees plus monthly living allowance for the entire two-year masters program duration.,تقدم جامعة دلفت للتكنولوجيا منحة TU دلفت للتميز لطلاب الماجستير المتميزين من خارج المنطقة الاقتصادية الأوروبية. تغطي الرسوم الكاملة وبدل المعيشة الشهري.,Netherlands,هولندا,TU Delft Delft University of Technology,جامعة دلفت للتكنولوجيا,Master,Fully Funded,Engineering | Architecture | Technology | Industrial Design | Aerospace,2027-02-01,https://www.tudelft.nl/en/education/practical-matters/scholarships/tu-delft-excellence-scholarships,https://images.unsplash.com/photo-1534430480872-3498386e7856?q=80&w=800&auto=format&fit=crop,Netherlands | Delft | TU Delft | Master | Fully Funded | Engineering | Technology,approved
30,Italian Government Scholarship MAECI Program,منحة الحكومة الإيطالية MAECI,The Italian Government through the Ministry of Foreign Affairs and International Cooperation MAECI offers scholarships for foreign citizens to study in Italy. Covers accommodation living allowance and health insurance.,تقدم الحكومة الإيطالية من خلال وزارة الخارجية MAECI منحاً دراسية للمواطنين الأجانب الراغبين في الدراسة في إيطاليا. تغطي السكن وبدل المعيشة والتأمين الصحي.,Italy,إيطاليا,Italian Universities,الجامعات الإيطالية,Master,Fully Funded,Arts | Architecture | Sciences | Engineering | Humanities | Fashion Design,2026-10-30,https://www.esteri.it/en/opportunities-and-resources/borse-di-studio/,https://images.unsplash.com/photo-1523906834658-6e24ef2386f9?q=80&w=800&auto=format&fit=crop,Italy | Italian | MAECI | Master | PhD | Fully Funded | Rome | Milan,approved
31,Cambridge Trust International Scholarship,منحة Cambridge Trust الدولية,Cambridge Trust awards scholarships to outstanding international applicants pursuing masters or doctoral degrees at the University of Cambridge. Available across all subjects and can cover tuition fees and maintenance costs.,تمنح Cambridge Trust منحاً للمتقدمين الدوليين المتميزين الراغبين في متابعة الماجستير أو الدكتوراه في جامعة كامبريدج. متاحة في جميع التخصصات وتغطي الرسوم وتكاليف الصيانة.,United Kingdom,المملكة المتحدة,University of Cambridge,جامعة كامبريدج,Master,Fully Funded,All Fields | Science | Arts | Law | Engineering | Medicine,2026-12-05,https://www.cambridgetrust.org/,https://images.unsplash.com/photo-1607237138185-eedd9c632b0b?q=80&w=800&auto=format&fit=crop,Cambridge | UK | Master | PhD | Fully Funded | Prestigious | British,approved
32,Imperial College London Presidents PhD Scholarships,منح رئيس Imperial College للدكتوراه,Imperial College London offers Presidents PhD Scholarships for doctoral research across all STEM disciplines. Provides full tuition fees annual stipend and research budget for three to four years of doctoral study.,تقدم Imperial College London منح رئيس الجامعة للدكتوراه في جميع تخصصات STEM. توفر الرسوم الكاملة والراتب السنوي وميزانية البحث لثلاث إلى أربع سنوات.,United Kingdom,المملكة المتحدة,Imperial College London,Imperial College London,PhD,Fully Funded,Engineering | Science | Medicine | Computing | Mathematics | Physics,2027-01-08,https://www.imperial.ac.uk/study/fees-and-funding/president-phd-scholarships/,https://images.unsplash.com/photo-1529655683823-dcbf3d4f9746?q=80&w=800&auto=format&fit=crop,UK | Imperial | London | PhD | Fully Funded | STEM | Research | British,approved
33,Leiden University Excellence Scholarship LExS Netherlands,منحة تميز جامعة ليدن LExS هولندا,Leiden University offers the Excellence Scholarship Programme LExS to the best non-EEA masters students. Three levels of awards 10000 EUR 15000 EUR or Full tuition plus 10000 EUR based on academic excellence.,تقدم جامعة ليدن برنامج المنح الدراسية للتميز LExS لأفضل طلاب الماجستير من خارج المنطقة الاقتصادية الأوروبية. ثلاثة مستويات من الجوائز بناءً على التميز الأكاديمي.,Netherlands,هولندا,Leiden University,جامعة ليدن,Master,Partially Funded,All Fields | Law | Social Sciences | Humanities | Sciences | Governance,2027-02-01,https://www.universiteitleiden.nl/en/education/scholarships-and-grants/excellence-scholarship-programme,https://images.unsplash.com/photo-1512470876302-972faa2aa9a4?q=80&w=800&auto=format&fit=crop,Netherlands | Leiden | Holland | Master | Excellence | Partially Funded,approved
34,NYU Abu Dhabi Presidential Fellowship UAE,زمالة رئيس جامعة نيويورك أبوظبي الإمارات,NYU Abu Dhabi offers Presidential Fellowships to exceptional graduate students accepted to PhD programs. Covers full tuition fees competitive monthly stipend housing travel and health coverage for the full degree duration.,تقدم جامعة نيويورك أبوظبي زمالاتها الرئاسية لطلاب الدكتوراه الاستثنائيين المقبولين. تغطي الرسوم الكاملة والراتب الشهري التنافسي والسكن والسفر والتأمين الصحي.,United Arab Emirates,الإمارات العربية المتحدة,NYU Abu Dhabi,جامعة نيويورك أبوظبي,PhD,Fully Funded,Sciences | Social Sciences | Humanities | Arts | Engineering | Economics,2026-11-01,https://nyuad.nyu.edu/en/academics/graduate-programs.html,https://images.unsplash.com/photo-1551434678-e076c223a692?q=80&w=800&auto=format&fit=crop,UAE | NYU | Abu Dhabi | PhD | Fully Funded | Middle East | International,approved
35,Monash University Graduate Research Scholarship Australia,منحة بحث الدراسات العليا في جامعة موناش أستراليا,Monash University offers the Monash Graduate Scholarship MGS to international PhD and Master by Research students. The scholarship covers full tuition fees and provides a living allowance for the duration of the candidature.,تقدم جامعة موناش منحة البحث للخريجين MGS للطلاب الدوليين في مرحلة الدكتوراه والماجستير بالبحث. تغطي الرسوم الكاملة وتوفر بدل المعيشة لمدة الدراسة.,Australia,أستراليا,Monash University,جامعة موناش,PhD,Fully Funded,All Fields | Engineering | Medicine | Science | Business | Arts,2026-10-31,https://www.monash.edu/graduate-research/future-students/scholarship/monash-graduate-scholarship,https://images.unsplash.com/photo-1506973035872-a4ec16b8e8d9?q=80&w=800&auto=format&fit=crop,Australia | Monash | PhD | Fully Funded | Research | Australian,approved
36,Joint Japan World Bank Graduate Scholarship Program,برنامج منح اليابان والبنك الدولي للدراسات العليا,The Joint Japan World Bank Graduate Scholarship Program provides development professionals from World Bank member countries a graduate degree in development topics at a partner university outside their home country. Full funding.,يوفر البرنامج المشترك بين اليابان والبنك الدولي للمهنيين التنمويين من الدول الأعضاء فرصة متابعة درجة دراسات عليا في موضوعات التنمية. تمويل كامل.,Multiple Countries,دول متعددة,World Bank Partner Universities,جامعات شريكة للبنك الدولي,Master,Fully Funded,Development Economics | Public Policy | Health | Agriculture | Environment,2027-04-30,https://www.worldbank.org/en/programs/scholarships,https://images.unsplash.com/photo-1534951009808-766178b47a4f?q=80&w=800&auto=format&fit=crop,World Bank | Japan | Development | Master | Fully Funded | International | Policy,approved
37,Helmut Schmidt Programme DAAD Germany,برنامج هيلموت شميت DAAD ألمانيا,The Helmut Schmidt Programme funded by DAAD supports young professionals in developing countries studying masters programs related to public administration development and good governance in Germany.,يدعم برنامج هيلموت شميت الممول من DAAD المهنيين الشباب في الدول النامية الذين يدرسون برامج الماجستير المتعلقة بالإدارة العامة والحوكمة الرشيدة في ألمانيا.,Germany,ألمانيا,German Universities,الجامعات الألمانية,Master,Fully Funded,Public Administration | Development Studies | Political Science | International Relations,2026-09-30,https://www.daad.de/en/study-and-research-in-germany/scholarships/helmut-schmidt-programme/,https://images.unsplash.com/photo-1528728329032-2972f65dfb3f?q=80&w=800&auto=format&fit=crop,Germany | DAAD | Helmut Schmidt | Master | Fully Funded | Public Administration | Governance,approved
38,Russian Government Scholarship International Students,منحة الحكومة الروسية للطلاب الدوليين,The Russian Government Scholarship offers international students opportunities to study at leading Russian universities. Covers tuition fees and provides a monthly stipend for masters bachelors and PhD programs.,تقدم منحة الحكومة الروسية للطلاب الدوليين فرصاً للدراسة في الجامعات الروسية الرائدة. تغطي الرسوم الدراسية وتوفر راتباً شهرياً للماجستير والبكالوريوس والدكتوراه.,Russia,روسيا,Russian Universities,الجامعات الروسية,Master,Fully Funded,All Fields | Engineering | Sciences | Arts | Humanities | Medicine,2027-04-15,https://education-in-russia.com/,https://images.unsplash.com/photo-1547448415-e9f5b28e570d?q=80&w=800&auto=format&fit=crop,Russia | Russian | Government | Master | Bachelor | PhD | Fully Funded,approved
39,Danish Government Scholarship Non-EU International Students,منحة الحكومة الدنماركية للطلاب الدوليين,The Danish Government offers scholarships to outstanding non-EU students enrolled in Masters degree programmes at Danish universities. Covers full tuition fees and may include a monthly stipend for living expenses.,تقدم الحكومة الدنماركية منحاً دراسية للطلاب المتميزين من خارج الاتحاد الأوروبي الملتحقين ببرامج الماجستير في الجامعات الدنماركية. تغطي الرسوم الكاملة وقد تشمل راتباً شهرياً.,Denmark,الدنمارك,Danish Universities DTU Copenhagen Aarhus,الجامعات الدنماركية DTU وكوبنهاغن وآرهوس,Master,Fully Funded,Engineering | IT | Business | Design | Science,2027-01-15,https://www.studyindenmark.dk/study-in-denmark/scholarship-in-denmark,https://images.unsplash.com/photo-1513622470522-26c3c8a854bc?q=80&w=800&auto=format&fit=crop,Denmark | Danish | Scandinavia | Master | Fully Funded | Nordic | Copenhagen,approved
40,University of Toronto Graduate Excellence Scholarship,منحة التميز للدراسات العليا في جامعة تورنتو,The University of Toronto School of Graduate Studies offers Excellence Awards to outstanding international graduate students in a wide range of disciplines with tuition coverage and a living stipend.,تقدم كلية الدراسات العليا في جامعة تورنتو جوائز التميز للطلاب الدوليين المتميزين في مجموعة واسعة من التخصصات مع تغطية الرسوم وراتب المعيشة.,Canada,كندا,University of Toronto,جامعة تورنتو,PhD,Fully Funded,All Fields | Arts | Science | Engineering | Law | Medicine,2027-01-06,https://www.sgs.utoronto.ca/awards/,https://images.unsplash.com/photo-1507992781348-310259076fe0?q=80&w=800&auto=format&fit=crop,Canada | Toronto | Canadian | PhD | Fully Funded | Excellence,approved
41,Sciences Po Emile Boutmy Scholarship Paris France,منحة إيميل بوتمي في Sciences Po باريس,Sciences Po offers the Emile Boutmy Scholarship to exceptional international candidates from outside the European Economic Area for bachelor masters and PhD programs at Sciences Po Paris one of Europe leading institutions.,تقدم Sciences Po منحة إيميل بوتمي للمرشحين الدوليين الاستثنائيين من خارج المنطقة الاقتصادية الأوروبية لبرامج البكالوريوس والماجستير والدكتوراه في Sciences Po باريس.,France,فرنسا,Sciences Po Paris,Sciences Po باريس,Master,Partially Funded,Political Science | International Affairs | Economics | Sociology | Law | History,2027-01-25,https://www.sciencespo.fr/admissions/en/content/emile-boutmy-scholarship.html,https://images.unsplash.com/photo-1499856871958-5b9627545d1a?q=80&w=800&auto=format&fit=crop,France | Sciences Po | Paris | Boutmy | Master | Social Sciences | Political Science,approved
42,KU Leuven University International Scholarship Belgium,منحة جامعة KU لوفان الدولية بلجيكا,KU Leuven Belgiums largest university offers scholarships for outstanding international students pursuing masters or doctoral degrees. Covers tuition fees and living expenses. Consistently ranked in the global top 50 universities.,تقدم KU لوفان أكبر جامعة في بلجيكا منحاً للطلاب الدوليين المتميزين الذين يتابعون الماجستير أو الدكتوراه. تغطي الرسوم الدراسية ونفقات المعيشة.,Belgium,بلجيكا,KU Leuven,جامعة KU لوفان,Master,Fully Funded,All Fields | Medicine | Engineering | Sciences | Humanities | Business,2027-02-01,https://www.kuleuven.be/english/admissions/international-students/master-students/scholarships,https://images.unsplash.com/photo-1569963619402-cbfde80e7c78?q=80&w=800&auto=format&fit=crop,Belgium | KU Leuven | Belgian | Master | PhD | Fully Funded | Europe | Research,approved
43,ADB Japan Scholarship Program Asia Pacific,برنامج منح بنك التنمية الآسيوي واليابان,The ADB-Japan Scholarship Program JSP provides scholarships for citizens of ADB developing member countries to pursue postgraduate studies at designated institutions in the Asia and Pacific region funded by the Government of Japan.,يوفر برنامج منح بنك التنمية الآسيوي واليابان JSP منحاً لمواطني الدول الأعضاء النامية لمتابعة الدراسات العليا في المؤسسات المعيّنة في منطقة آسيا والمحيط الهادئ.,Asia Pacific Region,منطقة آسيا والمحيط الهادئ,ADB Designated Institutions,المؤسسات المعيّنة من قبل ADB,Master,Fully Funded,Economics | Business | Development | Engineering | Environment | Public Policy,2027-04-30,https://www.adb.org/site/careers/japan-scholarship-program,https://images.unsplash.com/photo-1540959733332-eab4deabeeaf?q=80&w=800&auto=format&fit=crop,ADB | Japan | Asia Pacific | Master | Fully Funded | Development | Economics,approved
44,Heinrich Boell Foundation Scholarship Germany Sustainability,منحة مؤسسة هاينريش بول ألمانيا الاستدامة,The Heinrich Boell Foundation supports international students for graduate or doctoral studies in Germany with a focus on ecology and sustainability. Covers monthly stipend health insurance social allowance and study expenses.,تدعم مؤسسة هاينريش بول الطلاب الدوليين لمتابعة الدراسات العليا أو الدكتوراه في ألمانيا مع التركيز على البيئة والاستدامة. تغطي الراتب الشهري والتأمين الصحي ومصروفات الدراسة.,Germany,ألمانيا,German Universities,الجامعات الألمانية,Master,Fully Funded,Environmental Science | Political Science | Social Sciences | Gender Studies | Sustainability,2027-03-01,https://www.boell.de/en/foundation/scholarships,https://images.unsplash.com/photo-1560969184-10fe8719e047?q=80&w=800&auto=format&fit=crop,Germany | Heinrich Boell | Green | Master | PhD | Fully Funded | Ecology | Sustainability,approved
45,Konrad Adenauer Foundation Scholarship KAS Germany,منحة مؤسسة كونراد أديناور KAS ألمانيا,The Konrad Adenauer Foundation KAS awards scholarships to excellent students from abroad for studies and research in Germany promoting young talents who want to contribute to democracy and free social order.,تمنح مؤسسة كونراد أديناور KAS منحاً دراسية للطلاب المتميزين من الخارج للدراسة والبحث في ألمانيا وتروّج للمواهب الشابة الراغبة في الإسهام في الديمقراطية.,Germany,ألمانيا,German Universities,الجامعات الألمانية,Master,Fully Funded,Political Science | Law | Economics | Social Sciences | Theology,2027-01-15,https://www.kas.de/en/web/begabtenfoerderung-und-kultur/scholarships,https://images.unsplash.com/photo-1449824913935-59a10b8d2000?q=80&w=800&auto=format&fit=crop,Germany | Konrad Adenauer | KAS | Master | PhD | Fully Funded | Democracy | Political,approved
46,Czech Government Scholarship Programme Prague,برنامج المنح الدراسية للحكومة التشيكية براغ,The Czech Republic Ministry of Education offers scholarships for foreign nationals from developing countries to study at Czech public higher education institutions. Covers tuition fees living allowance and accommodation.,تقدم وزارة التعليم التشيكية منحاً دراسية للمواطنين الأجانب من الدول النامية للدراسة في المؤسسات التشيكية العامة. تغطي الرسوم وبدل المعيشة والسكن.,Czech Republic,جمهورية التشيك,Czech Public Universities,الجامعات العامة التشيكية,Master,Fully Funded,All Fields | Technical Sciences | Agriculture | Arts | Natural Sciences,2026-09-30,https://www.dzs.cz/en/programme/czech-government-scholarships/,https://images.unsplash.com/photo-1541849546-216549ae216d?q=80&w=800&auto=format&fit=crop,Czech | Prague | Central Europe | Master | Bachelor | Fully Funded | Government,approved
47,New Zealand ASEAN Scholarship Program,برنامج منحة نيوزيلندا لدول الآسيان,New Zealand ASEAN Scholarships offered to citizens of ASEAN countries to study undergraduate and postgraduate programmes at New Zealand universities. Covers tuition living allowance travel and health insurance.,تُقدَّم منح نيوزيلندا لمواطني دول الآسيان لدراسة برامج البكالوريوس والدراسات العليا في جامعات نيوزيلندا. تغطي الرسوم والمعيشة والسفر والتأمين الصحي.,New Zealand,نيوزيلندا,New Zealand Universities,جامعات نيوزيلندا,Master,Fully Funded,All Fields | Agriculture | Technology | Arts | Sciences,2026-09-01,https://www.studywithnewzealand.govt.nz/international-students/scholarships/nz-asean-leaders-scholarships,https://images.unsplash.com/photo-1558025253-128a38ae859f?q=80&w=800&auto=format&fit=crop,New Zealand | ASEAN | Pacific | Master | Fully Funded | Government,approved
48,Ghent University Doctoral Fellowship DoFOE Belgium,زمالة الدكتوراه للتنمية في جامعة غنت بلجيكا,Ghent University offers the Doctoral fellowships for development DoFOE and masters scholarships to outstanding international students in biomedical sciences engineering agriculture and veterinary medicine.,تقدم جامعة غنت زمالات الدكتوراه للتنمية DoFOE ومنح الماجستير للطلاب الدوليين المتميزين في العلوم الطبية الحيوية والهندسة والزراعة والطب البيطري.,Belgium,بلجيكا,Ghent University,جامعة غنت,PhD,Fully Funded,Biomedical Sciences | Engineering | Agriculture | Veterinary Medicine | Sciences,2027-02-01,https://www.ugent.be/en/research/funding/bof/dofoe,https://images.unsplash.com/photo-1533929736458-ca588d08c8be?q=80&w=800&auto=format&fit=crop,Belgium | Ghent | Belgian | PhD | Fully Funded | Research | Europe,approved
49,University of Manchester Presidents Doctoral Scholar Award UK,جائزة رئيس جامعة مانشستر للدكتوراه المملكة المتحدة,The University of Manchester Presidents Doctoral Scholar PDS Award provides full stipend tuition fees and a bursary for research. Open to international students of the highest academic ability in all disciplines.,تكرّم جائزة رئيس جامعة مانشستر للدكتوراه PDS طلاب البحث المتميزين وتوفر راتباً كاملاً ورسوماً دراسية ومنحة للبحث. مفتوح للطلاب الدوليين.,United Kingdom,المملكة المتحدة,University of Manchester,جامعة مانشستر,PhD,Fully Funded,All Fields | Engineering | Sciences | Business | Arts | Medicine,2027-01-31,https://www.manchester.ac.uk/study/postgraduate-research/funding/president-doctoral-scholar-awards/,https://images.unsplash.com/photo-1610116306796-6fea9f4fae38?q=80&w=800&auto=format&fit=crop,UK | Manchester | British | PhD | Fully Funded | Research | Doctoral,approved
50,UCL Global Engagement Scholarship London UK,منحة التواصل العالمي في UCL لندن,UCL University College London offers Global Engagement Scholarships to students from underrepresented countries and regions. Supports the costs of studying a masters degree at UCL by covering tuition fees for eligible students.,تقدم UCL جامعة كوليدج لندن منح التواصل العالمي للطلاب من الدول غير الممثلة. تدعم تكاليف دراسة الماجستير في UCL بتغطية الرسوم الدراسية للطلاب المؤهلين.,United Kingdom,المملكة المتحدة,University College London UCL,جامعة كوليدج لندن UCL,Master,Partially Funded,All Fields | Arts | Sciences | Engineering | Architecture | Law,2027-02-28,https://www.ucl.ac.uk/scholarships/,https://images.unsplash.com/photo-1513635269975-59663e0ac1ad?q=80&w=800&auto=format&fit=crop,UK | UCL | London | Master | Partially Funded | British | International,approved
51,Brunei Darussalam Government Scholarship UBD,منحة حكومة بروناي دار السلام UBD,Brunei Government Scholarships for international students at undergraduate and postgraduate levels at Universiti Brunei Darussalam UBD and other Brunei universities. Full funding including accommodation and living allowance.,منح حكومة بروناي للطلاب الدوليين على مستوى البكالوريوس والدراسات العليا في جامعة بروناي UBD. تمويل كامل يشمل السكن وبدل المعيشة.,Brunei Darussalam,بروناي دار السلام,Universiti Brunei Darussalam UBD,جامعة بروناي دار السلام UBD,Bachelor,Fully Funded,Sciences | Engineering | Business | Arts | Law | Islamic Studies,2027-03-31,https://www.mfa.gov.bn/Pages/scholarship.aspx,https://images.unsplash.com/photo-1555992336-fb0d29498b13?q=80&w=800&auto=format&fit=crop,Brunei | ASEAN | Southeast Asia | Bachelor | Master | Fully Funded | Government,approved
